Pleural-Thickening,Edema,Consolidation,Atelectasis,Effusion,Normal
0.50479305,0.036221255,0.7500978,0.8921628,0.96210647,0.02074136
